[
  {
    "id": "/subscriptions/07d858c2-b311-4b92-a38c-442e2cc8946b/resourceGroups/WindowsVM_group_10010935/providers/Microsoft.Resources/deployments/Snapshot.lab1-20241001101616/operations/B0E9FDD51A55CCB2",
    "operationId": "B0E9FDD51A55CCB2",
    "properties": {
      "provisioningOperation": "Create",
      "provisioningState": "Succeeded",
      "timestamp": "2024-10-01T08:16:26.1664081Z",
      "duration": "PT6.2668187S",
      "trackingId": "4b8faaf0-08b8-4962-a216-20f1ea0a5af3",
      "statusCode": "OK",
      "targetResource": {
        "id": "/subscriptions/07d858c2-b311-4b92-a38c-442e2cc8946b/resourceGroups/WindowsVM_group_10010935/providers/Microsoft.Compute/snapshots/lab1",
        "resourceType": "Microsoft.Compute/snapshots",
        "resourceName": "lab1"
      }
    }
  },
  {
    "id": "/subscriptions/07d858c2-b311-4b92-a38c-442e2cc8946b/resourceGroups/WindowsVM_group_10010935/providers/Microsoft.Resources/deployments/Snapshot.lab1-20241001101616/operations/08584738363070247170",
    "operationId": "08584738363070247170",
    "properties": {
      "provisioningOperation": "EvaluateDeploymentOutput",
      "provisioningState": "Succeeded",
      "timestamp": "2024-10-01T08:16:26.3131527Z",
      "duration": "PT6.4135633S",
      "trackingId": "00d5e503-8adf-4413-ad13-80d544cee5f2",
      "statusCode": "OK"
    }
  }
]