{
  "id": "/subscriptions/07d858c2-b311-4b92-a38c-442e2cc8946b/resourceGroups/WindowsVM_group_10010935/providers/Microsoft.Resources/deployments/Snapshot.lab1-20241001101616",
  "name": "Snapshot.lab1-20241001101616",
  "type": "Microsoft.Resources/deployments",
  "properties": {
    "templateHash": "15148376169041050300",
    "parameters": {
      "apiVersion": {
        "type": "String",
        "value": "2022-03-02"
      },
      "name": {
        "type": "String",
        "value": "lab1"
      },
      "location": {
        "type": "String",
        "value": "francecentral"
      },
      "accountType": {
        "type": "String",
        "value": "Standard_ZRS"
      },
      "createOption": {
        "type": "String",
        "value": "Copy"
      },
      "sourceUri": {
        "type": "String",
        "value": "/subscriptions/07d858c2-b311-4b92-a38c-442e2cc8946b/resourceGroups/WindowsVM_group_10010935/providers/Microsoft.Compute/disks/WindowsVM_OsDisk_1_461d86f6a19045148f4cab5680bfce54"
      },
      "incremental": {
        "type": "String",
        "value": "true"
      },
      "diskEncryptionSetType": {
        "type": "String",
        "value": "EncryptionAtRestWithPlatformKey"
      },
      "dataAccessAuthMode": {
        "type": "String",
        "value": "None"
      },
      "networkAccessPolicy": {
        "type": "String",
        "value": "AllowAll"
      },
      "publicNetworkAccess": {
        "type": "String",
        "value": "Enabled"
      }
    },
    "mode": "Incremental",
    "debugSetting": {
      "detailLevel": "None"
    },
    "provisioningState": "Succeeded",
    "timestamp": "2024-10-01T08:16:26.3326614Z",
    "duration": "PT7.846428S",
    "correlationId": "83cb7d5e-5dd8-4b9f-ad9f-35b37087cac7",
    "providers": [
      {
        "namespace": "Microsoft.Compute",
        "resourceTypes": [
          {
            "resourceType": "snapshots",
            "locations": [
              "francecentral"
            ]
          }
        ]
      }
    ],
    "dependencies": [],
    "outputResources": [
      {
        "id": "/subscriptions/07d858c2-b311-4b92-a38c-442e2cc8946b/resourceGroups/WindowsVM_group_10010935/providers/Microsoft.Compute/snapshots/lab1"
      }
    ],
    "validationLevel": "Template"
  },
  "tags": {
    "primaryResourceId": "/subscriptions/07d858c2-b311-4b92-a38c-442e2cc8946b/resourceGroups/WindowsVM_group_10010935/providers/Microsoft.Compute/snapshots/lab1",
    "marketplaceItemId": "Microsoft.Snapshot-ARM"
  }
}