{
  "id": "/subscriptions/07d858c2-b311-4b92-a38c-442e2cc8946b/resourceGroups/LinuxVM_group/providers/Microsoft.Resources/deployments/Snapshot.lab1Linux-20241001102142",
  "name": "Snapshot.lab1Linux-20241001102142",
  "type": "Microsoft.Resources/deployments",
  "properties": {
    "templateHash": "15148376169041050300",
    "parameters": {
      "apiVersion": {
        "type": "String",
        "value": "2022-03-02"
      },
      "name": {
        "type": "String",
        "value": "lab1Linux"
      },
      "location": {
        "type": "String",
        "value": "francecentral"
      },
      "accountType": {
        "type": "String",
        "value": "Standard_ZRS"
      },
      "createOption": {
        "type": "String",
        "value": "Copy"
      },
      "sourceUri": {
        "type": "String",
        "value": "/subscriptions/07d858c2-b311-4b92-a38c-442e2cc8946b/resourceGroups/LinuxVM_group/providers/Microsoft.Compute/disks/LinuxVM_disk1_abdc5c5ae0264a7692ffe50118b1a388"
      },
      "incremental": {
        "type": "String",
        "value": "true"
      },
      "diskEncryptionSetType": {
        "type": "String",
        "value": "EncryptionAtRestWithPlatformKey"
      },
      "dataAccessAuthMode": {
        "type": "String",
        "value": "None"
      },
      "networkAccessPolicy": {
        "type": "String",
        "value": "AllowAll"
      },
      "publicNetworkAccess": {
        "type": "String",
        "value": "Enabled"
      }
    },
    "mode": "Incremental",
    "debugSetting": {
      "detailLevel": "None"
    },
    "provisioningState": "Succeeded",
    "timestamp": "2024-10-01T08:21:52.7966384Z",
    "duration": "PT8.8496037S",
    "correlationId": "fa30afc5-9443-4525-96b3-933591a2ff19",
    "providers": [
      {
        "namespace": "Microsoft.Compute",
        "resourceTypes": [
          {
            "resourceType": "snapshots",
            "locations": [
              "francecentral"
            ]
          }
        ]
      }
    ],
    "dependencies": [],
    "outputResources": [
      {
        "id": "/subscriptions/07d858c2-b311-4b92-a38c-442e2cc8946b/resourceGroups/LinuxVM_group/providers/Microsoft.Compute/snapshots/lab1Linux"
      }
    ],
    "validationLevel": "Template"
  },
  "tags": {
    "primaryResourceId": "/subscriptions/07d858c2-b311-4b92-a38c-442e2cc8946b/resourceGroups/LinuxVM_group/providers/Microsoft.Compute/snapshots/lab1Linux",
    "marketplaceItemId": "Microsoft.Snapshot-ARM"
  }
}