[
  {
    "id": "/subscriptions/07d858c2-b311-4b92-a38c-442e2cc8946b/resourceGroups/LinuxVM_group/providers/Microsoft.Resources/deployments/Snapshot.lab1Linux-20241001102142/operations/B23843DB18F2B5D2",
    "operationId": "B23843DB18F2B5D2",
    "properties": {
      "provisioningOperation": "Create",
      "provisioningState": "Succeeded",
      "timestamp": "2024-10-01T08:21:52.5402455Z",
      "duration": "PT8.0735863S",
      "trackingId": "f7974a37-2520-4ebf-8dcd-e4e9b0c3779a",
      "statusCode": "OK",
      "targetResource": {
        "id": "/subscriptions/07d858c2-b311-4b92-a38c-442e2cc8946b/resourceGroups/LinuxVM_group/providers/Microsoft.Compute/snapshots/lab1Linux",
        "resourceType": "Microsoft.Compute/snapshots",
        "resourceName": "lab1Linux"
      }
    }
  },
  {
    "id": "/subscriptions/07d858c2-b311-4b92-a38c-442e2cc8946b/resourceGroups/LinuxVM_group/providers/Microsoft.Resources/deployments/Snapshot.lab1Linux-20241001102142/operations/08584738359815745042",
    "operationId": "08584738359815745042",
    "properties": {
      "provisioningOperation": "EvaluateDeploymentOutput",
      "provisioningState": "Succeeded",
      "timestamp": "2024-10-01T08:21:52.7462963Z",
      "duration": "PT8.2796371S",
      "trackingId": "bd84b2be-3b37-48b7-8811-61e0275c69aa",
      "statusCode": "OK"
    }
  }
]